{"means": [0.45607941452457035, 0.4613301098895315, 0.3276268550568099], "std": [0.25295059190761293, 0.24145019419169375, 0.2300590928582059]}