{
    "means": [
        0.5856283068199966,
        0.5224643774333363,
        0.4685207151984409
    ],
    "std": [
        0.23734823222899432,
        0.26727348319440947,
        0.2257151736491589
    ]
}